Type Name,Type Description,Attribute Name,Attribute Description
ADLS,Base class for Azure Data Lake Storage (ADLS) assets.,adlsAccountQualifiedName,Unique name of the account for this ADLS asset.
ADLSAccount,Instance of an Azure Data Lake Storage (ADLS) account in Atlan.,adlsETag,"Entity tag for the asset. An entity tag is a hash of the object and represents changes to the contents of an object only, not its metadata."
ADLSAccount,Instance of an Azure Data Lake Storage (ADLS) account in Atlan.,adlsEncryptionType,
ADLSAccount,Instance of an Azure Data Lake Storage (ADLS) account in Atlan.,adlsAccountResourceGroup,
ADLSAccount,Instance of an Azure Data Lake Storage (ADLS) account in Atlan.,adlsAccountSubscription,
ADLSAccount,Instance of an Azure Data Lake Storage (ADLS) account in Atlan.,adlsAccountPerformance,
ADLSAccount,Instance of an Azure Data Lake Storage (ADLS) account in Atlan.,adlsAccountReplication,
ADLSAccount,Instance of an Azure Data Lake Storage (ADLS) account in Atlan.,adlsAccountKind,
ADLSAccount,Instance of an Azure Data Lake Storage (ADLS) account in Atlan.,adlsPrimaryDiskState,
ADLSAccount,Instance of an Azure Data Lake Storage (ADLS) account in Atlan.,adlsAccountProvisionState,
ADLSAccount,Instance of an Azure Data Lake Storage (ADLS) account in Atlan.,adlsAccountAccessTier,
ADLSAccount,Instance of an Azure Data Lake Storage (ADLS) account in Atlan.,adlsContainers,Containers that exist within this account.
ADLSContainer,Instance of an Azure Data Lake Storage (ADLS) container in Atlan.,adlsContainerUrl,
ADLSContainer,Instance of an Azure Data Lake Storage (ADLS) container in Atlan.,adlsContainerLeaseState,
ADLSContainer,Instance of an Azure Data Lake Storage (ADLS) container in Atlan.,adlsContainerLeaseStatus,
ADLSContainer,Instance of an Azure Data Lake Storage (ADLS) container in Atlan.,adlsContainerEncryptionScope,
ADLSContainer,Instance of an Azure Data Lake Storage (ADLS) container in Atlan.,adlsContainerVersionLevelImmutabilitySupport,
ADLSContainer,Instance of an Azure Data Lake Storage (ADLS) container in Atlan.,adlsObjectCount,Number of objects that exist within this container.
ADLSContainer,Instance of an Azure Data Lake Storage (ADLS) container in Atlan.,adlsObjects,Objects that exist within this container.
ADLSContainer,Instance of an Azure Data Lake Storage (ADLS) container in Atlan.,adlsAccount,Account this container exists within.
ADLSObject,Instance of an Azure Data Lake Storage (ADLS) blob / object in Atlan.,adlsObjectUrl,
ADLSObject,Instance of an Azure Data Lake Storage (ADLS) blob / object in Atlan.,adlsObjectVersionId,
ADLSObject,Instance of an Azure Data Lake Storage (ADLS) blob / object in Atlan.,adlsObjectType,
ADLSObject,Instance of an Azure Data Lake Storage (ADLS) blob / object in Atlan.,adlsObjectSize,
ADLSObject,Instance of an Azure Data Lake Storage (ADLS) blob / object in Atlan.,adlsObjectAccessTier,
ADLSObject,Instance of an Azure Data Lake Storage (ADLS) blob / object in Atlan.,adlsObjectAccessTierLastModifiedTime,
ADLSObject,Instance of an Azure Data Lake Storage (ADLS) blob / object in Atlan.,adlsObjectArchiveStatus,
ADLSObject,Instance of an Azure Data Lake Storage (ADLS) blob / object in Atlan.,adlsObjectServerEncrypted,
ADLSObject,Instance of an Azure Data Lake Storage (ADLS) blob / object in Atlan.,adlsObjectVersionLevelImmutabilitySupport,
ADLSObject,Instance of an Azure Data Lake Storage (ADLS) blob / object in Atlan.,adlsObjectCacheControl,
ADLSObject,Instance of an Azure Data Lake Storage (ADLS) blob / object in Atlan.,adlsObjectContentType,
ADLSObject,Instance of an Azure Data Lake Storage (ADLS) blob / object in Atlan.,adlsObjectContentMD5Hash,
ADLSObject,Instance of an Azure Data Lake Storage (ADLS) blob / object in Atlan.,adlsObjectContentLanguage,
ADLSObject,Instance of an Azure Data Lake Storage (ADLS) blob / object in Atlan.,adlsObjectLeaseStatus,
ADLSObject,Instance of an Azure Data Lake Storage (ADLS) blob / object in Atlan.,adlsObjectLeaseState,
ADLSObject,Instance of an Azure Data Lake Storage (ADLS) blob / object in Atlan.,adlsObjectMetadata,
ADLSObject,Instance of an Azure Data Lake Storage (ADLS) blob / object in Atlan.,adlsContainerQualifiedName,Unique name of the container this object exists within.
ADLSObject,Instance of an Azure Data Lake Storage (ADLS) blob / object in Atlan.,adlsContainer,Container this object exists within.
API,Base class for API assets.,apiSpecType,
API,Base class for API assets.,apiSpecVersion,
API,Base class for API assets.,apiSpecName,
API,Base class for API assets.,apiSpecQualifiedName,
API,Base class for API assets.,apiExternalDocs,
API,Base class for API assets.,apiIsAuthOptional,
APIPath,Instance of an API path that could contain one or more endpoints in Atlan.,apiPathSummary,
APIPath,Instance of an API path that could contain one or more endpoints in Atlan.,apiPathRawURI,
APIPath,Instance of an API path that could contain one or more endpoints in Atlan.,apiPathIsTemplated,
APIPath,Instance of an API path that could contain one or more endpoints in Atlan.,apiPathAvailableOperations,
APIPath,Instance of an API path that could contain one or more endpoints in Atlan.,apiPathAvailableResponseCodes,
APIPath,Instance of an API path that could contain one or more endpoints in Atlan.,apiPathIsIngressExposed,
APIPath,Instance of an API path that could contain one or more endpoints in Atlan.,apiSpec,
APISpec,Instance of an API specification in Atlan.,apiSpecTermsOfServiceURL,
APISpec,Instance of an API specification in Atlan.,apiSpecContactEmail,
APISpec,Instance of an API specification in Atlan.,apiSpecContactName,
APISpec,Instance of an API specification in Atlan.,apiSpecContactURL,
APISpec,Instance of an API specification in Atlan.,apiSpecLicenseName,
APISpec,Instance of an API specification in Atlan.,apiSpecLicenseURL,
APISpec,Instance of an API specification in Atlan.,apiSpecContractVersion,
APISpec,Instance of an API specification in Atlan.,apiSpecServiceAlias,
APISpec,Instance of an API specification in Atlan.,apiPaths,
AWS,Base class for AWS assets.,awsArn,"Amazon Resource Name (ARN) for this asset. This uniquely identifies the asset in AWS, and thus must be unique across all AWS asset instances."
AWS,Base class for AWS assets.,awsPartition,Group of AWS region and service objects.
AWS,Base class for AWS assets.,awsService,Type of service in which the asset exists.
AWS,Base class for AWS assets.,awsRegion,Physical region where the data center in which the asset exists is clustered.
AWS,Base class for AWS assets.,awsAccountId,12-digit number that uniquely identifies an AWS account.
AWS,Base class for AWS assets.,awsResourceId,Unique resource ID assigned when a new resource is created.
AWS,Base class for AWS assets.,awsOwnerName,Root user's name.
AWS,Base class for AWS assets.,awsOwnerId,Root user's ID.
AWS,Base class for AWS assets.,awsTags,List of tags that have been applied to the asset in AWS.
Asset,Base class for all assets.,name,Human-readable name of the asset.
Asset,Base class for all assets.,displayName,Name used for display purposes (in user interfaces).
Asset,Base class for all assets.,description,"Description of the asset, as crawled from a source."
Asset,Base class for all assets.,userDescription,"Description of the asset, as provided by a user. If present, this will be used for the description in user interfaces. If not present, the description will be used."
Asset,Base class for all assets.,tenantId,Name of the Atlan workspace in which the asset exists.
Asset,Base class for all assets.,certificateStatus,Status of the asset's certification.
Asset,Base class for all assets.,certificateStatusMessage,Human-readable descriptive message that can optionally be submitted when the certificateStatus is changed.
Asset,Base class for all assets.,certificateUpdatedBy,Name of the user who last updated the certification of the asset.
Asset,Base class for all assets.,certificateUpdatedAt,"Time (epoch) at which the certification was last updated, in milliseconds."
Asset,Base class for all assets.,announcementTitle,Brief title for the announcement on this asset. Required when announcementType is specified.
Asset,Base class for all assets.,announcementMessage,Detailed message to include in the announcement on this asset.
Asset,Base class for all assets.,announcementType,Type of announcement on the asset.
Asset,Base class for all assets.,announcementUpdatedAt,"Time (epoch) at which the announcement was last updated, in milliseconds."
Asset,Base class for all assets.,announcementUpdatedBy,Name of the user who last updated the announcement.
Asset,Base class for all assets.,ownerUsers,List of users who own the asset.
Asset,Base class for all assets.,ownerGroups,List of groups who own the asset.
Asset,Base class for all assets.,adminUsers,List of users who administer the asset. (This is only used for Connection assets.)
Asset,Base class for all assets.,adminGroups,List of groups who administer the asset. (This is only used for Connection assets.)
Asset,Base class for all assets.,viewerUsers,
Asset,Base class for all assets.,viewerGroups,
Asset,Base class for all assets.,connectorName,Type of the connector through which this asset is accessible.
Asset,Base class for all assets.,connectionName,
Asset,Base class for all assets.,connectionQualifiedName,Unique name of the connection through which this asset is accessible.
Asset,Base class for all assets.,__hasLineage,Indicates whether this asset has lineage (true) or not.
Asset,Base class for all assets.,isDiscoverable,
Asset,Base class for all assets.,isEditable,
Asset,Base class for all assets.,subType,
Asset,Base class for all assets.,viewScore,
Asset,Base class for all assets.,popularityScore,
Asset,Base class for all assets.,sourceOwners,
Asset,Base class for all assets.,sourceCreatedBy,"Who created the asset, in the source system."
Asset,Base class for all assets.,sourceCreatedAt,"Time (epoch) at which the asset was created in the source system, in milliseconds."
Asset,Base class for all assets.,sourceUpdatedAt,"Time (epoch) at which the asset was last updated in the source system, in milliseconds."
Asset,Base class for all assets.,sourceUpdatedBy,Who last updated the asset in the source system.
Asset,Base class for all assets.,sourceURL,URL to the resource within the source application.
Asset,Base class for all assets.,sourceEmbedURL,"URL to create an embed for a resource (for example, an image of a dashboard) within Atlan."
Asset,Base class for all assets.,lastSyncWorkflowName,Name of the crawler that last synchronized this asset.
Asset,Base class for all assets.,lastSyncRunAt,"Time (epoch) at which the asset was last crawled, in milliseconds."
Asset,Base class for all assets.,lastSyncRun,Name of the last run of the crawler that last synchronized this asset.
Asset,Base class for all assets.,adminRoles,List of roles who administer the asset. (This is only used for Connection assets.)
Asset,Base class for all assets.,sourceReadCount,Total count of all read operations at source.
Asset,Base class for all assets.,sourceReadUserCount,Total number of unique users that read data from asset.
Asset,Base class for all assets.,sourceLastReadAt,Timestamp of most recent read operation.
Asset,Base class for all assets.,lastRowChangedAt,"Timestamp of last operation that inserted, updated, or deleted rows."
Asset,Base class for all assets.,sourceTotalCost,Total cost of all operations at source.
Asset,Base class for all assets.,sourceCostUnit,The unit of measure for sourceTotalCost.
Asset,Base class for all assets.,sourceReadRecentUserList,List of usernames of the most recent users who read the asset.
Asset,Base class for all assets.,sourceReadRecentUserRecordList,List of usernames with extra insights for the most recent users who read the asset.
Asset,Base class for all assets.,sourceReadTopUserList,List of usernames of the users who read the asset the most.
Asset,Base class for all assets.,sourceReadTopUserRecordList,List of usernames with extra insights for the users who read the asset the most.
Asset,Base class for all assets.,sourceReadPopularQueryRecordList,List of the most popular queries that accessed this asset.
Asset,Base class for all assets.,sourceReadExpensiveQueryRecordList,List of the most expensive queries that accessed this asset.
Asset,Base class for all assets.,sourceReadSlowQueryRecordList,List of the slowest queries that accessed this asset.
Asset,Base class for all assets.,sourceQueryComputeCostList,List of most expensive warehouse names.
Asset,Base class for all assets.,sourceQueryComputeCostRecordList,List of most expensive warehouses with extra insights.
Asset,Base class for all assets.,dbtQualifiedName,
Asset,Base class for all assets.,assetDbtAlias,
Asset,Base class for all assets.,assetDbtMeta,
Asset,Base class for all assets.,assetDbtUniqueId,
Asset,Base class for all assets.,assetDbtAccountName,
Asset,Base class for all assets.,assetDbtProjectName,
Asset,Base class for all assets.,assetDbtPackageName,
Asset,Base class for all assets.,assetDbtJobName,
Asset,Base class for all assets.,assetDbtJobSchedule,
Asset,Base class for all assets.,assetDbtJobStatus,
Asset,Base class for all assets.,assetDbtJobScheduleCronHumanized,
Asset,Base class for all assets.,assetDbtJobLastRun,
Asset,Base class for all assets.,assetDbtJobLastRunUrl,
Asset,Base class for all assets.,assetDbtJobLastRunCreatedAt,
Asset,Base class for all assets.,assetDbtJobLastRunUpdatedAt,
Asset,Base class for all assets.,assetDbtJobLastRunDequedAt,
Asset,Base class for all assets.,assetDbtJobLastRunStartedAt,
Asset,Base class for all assets.,assetDbtJobLastRunTotalDuration,
Asset,Base class for all assets.,assetDbtJobLastRunTotalDurationHumanized,
Asset,Base class for all assets.,assetDbtJobLastRunQueuedDuration,
Asset,Base class for all assets.,assetDbtJobLastRunQueuedDurationHumanized,
Asset,Base class for all assets.,assetDbtJobLastRunRunDuration,
Asset,Base class for all assets.,assetDbtJobLastRunRunDurationHumanized,
Asset,Base class for all assets.,assetDbtJobLastRunGitBranch,
Asset,Base class for all assets.,assetDbtJobLastRunGitSha,
Asset,Base class for all assets.,assetDbtJobLastRunStatusMessage,
Asset,Base class for all assets.,assetDbtJobLastRunOwnerThreadId,
Asset,Base class for all assets.,assetDbtJobLastRunExecutedByThreadId,
Asset,Base class for all assets.,assetDbtJobLastRunArtifactsSaved,
Asset,Base class for all assets.,assetDbtJobLastRunArtifactS3Path,
Asset,Base class for all assets.,assetDbtJobLastRunHasDocsGenerated,
Asset,Base class for all assets.,assetDbtJobLastRunHasSourcesGenerated,
Asset,Base class for all assets.,assetDbtJobLastRunNotificationsSent,
Asset,Base class for all assets.,assetDbtJobNextRun,
Asset,Base class for all assets.,assetDbtJobNextRunHumanized,
Asset,Base class for all assets.,assetDbtEnvironmentName,
Asset,Base class for all assets.,assetDbtEnvironmentDbtVersion,
Asset,Base class for all assets.,assetDbtTags,
Asset,Base class for all assets.,assetDbtSemanticLayerProxyUrl,
Asset,Base class for all assets.,assetDbtSourceFreshnessCriteria,
Asset,Base class for all assets.,sampleDataUrl,
Asset,Base class for all assets.,assetTags,
Asset,Base class for all assets.,links,Resources that are linked to this asset.
Asset,Base class for all assets.,metrics,
Asset,Base class for all assets.,readme,README that is linked to this asset.
Asset,Base class for all assets.,meanings,Glossary terms that are linked to this asset.
AtlasGlossary,Instance of a glossary in Atlan.,shortDescription,Unused.
AtlasGlossary,Instance of a glossary in Atlan.,longDescription,Unused.
AtlasGlossary,Instance of a glossary in Atlan.,language,Unused.
AtlasGlossary,Instance of a glossary in Atlan.,usage,Unused.
AtlasGlossary,Instance of a glossary in Atlan.,additionalAttributes,Unused.
AtlasGlossary,Instance of a glossary in Atlan.,terms,Terms contained within this glossary.
AtlasGlossary,Instance of a glossary in Atlan.,categories,Categories contained within this glossary.
AtlasGlossaryCategory,Instance of a category in Atlan.,shortDescription,Unused.
AtlasGlossaryCategory,Instance of a category in Atlan.,longDescription,Unused.
AtlasGlossaryCategory,Instance of a category in Atlan.,additionalAttributes,Unused.
AtlasGlossaryCategory,Instance of a category in Atlan.,terms,Terms organized within this category.
AtlasGlossaryCategory,Instance of a category in Atlan.,anchor,Glossary in which this category is contained.
AtlasGlossaryCategory,Instance of a category in Atlan.,parentCategory,Parent category in which this category is located (or empty if this is a root-level category).
AtlasGlossaryCategory,Instance of a category in Atlan.,childrenCategories,Child categories organized within this category.
AtlasGlossaryTerm,Instance of a term in Atlan.,shortDescription,Unused.
AtlasGlossaryTerm,Instance of a term in Atlan.,longDescription,Unused.
AtlasGlossaryTerm,Instance of a term in Atlan.,examples,Unused.
AtlasGlossaryTerm,Instance of a term in Atlan.,abbreviation,Unused.
AtlasGlossaryTerm,Instance of a term in Atlan.,usage,Unused.
AtlasGlossaryTerm,Instance of a term in Atlan.,additionalAttributes,Unused.
AtlasGlossaryTerm,Instance of a term in Atlan.,translationTerms,TBC (Other direction is translatedTerms.)
AtlasGlossaryTerm,Instance of a term in Atlan.,validValuesFor,TBC (Other direction is validValues.)
AtlasGlossaryTerm,Instance of a term in Atlan.,synonyms,Terms that have the same (or a very similar) meaning in the same language.
AtlasGlossaryTerm,Instance of a term in Atlan.,replacedBy,
AtlasGlossaryTerm,Instance of a term in Atlan.,validValues,TBC (Other direction is validValuesFor.)
AtlasGlossaryTerm,Instance of a term in Atlan.,replacementTerms,
AtlasGlossaryTerm,Instance of a term in Atlan.,seeAlso,Linked terms that may also be of interest.
AtlasGlossaryTerm,Instance of a term in Atlan.,translatedTerms,TBC (Other direction is translationTerms.)
AtlasGlossaryTerm,Instance of a term in Atlan.,isA,TBC (Other direction is classifies.)
AtlasGlossaryTerm,Instance of a term in Atlan.,anchor,Glossary in which this term is contained.
AtlasGlossaryTerm,Instance of a term in Atlan.,antonyms,Terms that have the opposite (or near opposite) meaning in the same language.
AtlasGlossaryTerm,Instance of a term in Atlan.,assignedEntities,"Assets that are attached to this term. Note: this should ONLY be used to view such relationships, never to set such relationships. Only set such relationships in the other direction."
AtlasGlossaryTerm,Instance of a term in Atlan.,categories,Categories within which this term is organized.
AtlasGlossaryTerm,Instance of a term in Atlan.,classifies,TBC (Other direction is isA.)
AtlasGlossaryTerm,Instance of a term in Atlan.,preferredToTerms,Other terms that are less common or less preferred than this term. (Other direction is preferredTerms.)
AtlasGlossaryTerm,Instance of a term in Atlan.,preferredTerms,Preferred terms to use instead of this term. (Other direction is preferredToTerms.)
AtlasServer,Unused,AtlasServer.name,
AtlasServer,Unused,AtlasServer.displayName,
AtlasServer,Unused,fullName,
AtlasServer,Unused,urls,
AtlasServer,Unused,additionalInfo,
Azure,Base class for Azure assets.,azureResourceId,
Azure,Base class for Azure assets.,azureLocation,
Azure,Base class for Azure assets.,adlsAccountSecondaryLocation,
Azure,Base class for Azure assets.,azureTags,Tags that have been applied to this Azure asset.
Badge,Instance of a badge in Atlan.,badgeConditions,
Badge,Instance of a badge in Atlan.,badgeMetadataAttribute,
Catalog,Base class for catalog assets.,inputToProcesses,Processes to which this asset provides input.
Catalog,Base class for catalog assets.,outputFromProcesses,Processes from which this asset is produced as output.
Collection,Instance of a query collection in Atlan.,icon,Image used to represent this collection.
Collection,Instance of a query collection in Atlan.,iconType,"Type of image used to represent the collection (for example, an emoji)."
Column,Instance of a column in Atlan.,dataType,Data type of values in the column.
Column,Instance of a column in Atlan.,subDataType,
Column,Instance of a column in Atlan.,order,Order (position) in which the column appears in the table (starting at 1).
Column,Instance of a column in Atlan.,isPartition,
Column,Instance of a column in Atlan.,partitionOrder,
Column,Instance of a column in Atlan.,isClustered,
Column,Instance of a column in Atlan.,isPrimary,"When true, this column is the primary key for the table."
Column,Instance of a column in Atlan.,isForeign,"When true, this column is a foreign key to another table."
Column,Instance of a column in Atlan.,isIndexed,"When true, this column is indexed in the database."
Column,Instance of a column in Atlan.,isSort,
Column,Instance of a column in Atlan.,isDist,
Column,Instance of a column in Atlan.,isPinned,
Column,Instance of a column in Atlan.,pinnedBy,
Column,Instance of a column in Atlan.,pinnedAt,
Column,Instance of a column in Atlan.,precision,Total number of digits allowed when the dataType is numeric.
Column,Instance of a column in Atlan.,defaultValue,
Column,Instance of a column in Atlan.,isNullable,"When true, the values in this column can be null."
Column,Instance of a column in Atlan.,numericScale,Number of digits allowed to the right of the decimal point.
Column,Instance of a column in Atlan.,maxLength,Maximum length of a value in this column.
Column,Instance of a column in Atlan.,validations,
Column,Instance of a column in Atlan.,columnDistinctValuesCount,Number of rows that contain distinct values.
Column,Instance of a column in Atlan.,columnDistinctValuesCountLong,
Column,Instance of a column in Atlan.,columnHistogram,List of values in a histogram that represents the contents of the column.
Column,Instance of a column in Atlan.,columnMax,Greatest value in a numeric column.
Column,Instance of a column in Atlan.,columnMin,Least value in a numeric column.
Column,Instance of a column in Atlan.,columnMean,Arithmetic mean of the values in a numeric column.
Column,Instance of a column in Atlan.,columnSum,Calculated sum of the values in a numeric column.
Column,Instance of a column in Atlan.,columnMedian,Calculated median of the values in a numeric column.
Column,Instance of a column in Atlan.,columnStandardDeviation,Calculated standard deviation of the values in a numeric column.
Column,Instance of a column in Atlan.,columnUniqueValuesCount,Number of rows in which a value in this column appears only once.
Column,Instance of a column in Atlan.,columnUniqueValuesCountLong,
Column,Instance of a column in Atlan.,columnAverage,
Column,Instance of a column in Atlan.,columnAverageLength,Average length of values in a string column.
Column,Instance of a column in Atlan.,columnDuplicateValuesCount,Number of rows that contain duplicate values.
Column,Instance of a column in Atlan.,columnDuplicateValuesCountLong,
Column,Instance of a column in Atlan.,columnMaximumStringLength,Length of the longest value in a string column.
Column,Instance of a column in Atlan.,columnMaxs,List of the greatest values in a column.
Column,Instance of a column in Atlan.,columnMinimumStringLength,Length of the shortest value in a string column.
Column,Instance of a column in Atlan.,columnMins,List of the least values in a column.
Column,Instance of a column in Atlan.,columnMissingValuesCount,Number of rows in a column that do not contain content.
Column,Instance of a column in Atlan.,columnMissingValuesCountLong,
Column,Instance of a column in Atlan.,columnMissingValuesPercentage,Percentage of rows in a column that do not contain content.
Column,Instance of a column in Atlan.,columnUniquenessPercentage,"Ratio indicating how unique data in the column is: 0 indicates that all values are the same, 100 indicates that all values in the column are unique."
Column,Instance of a column in Atlan.,columnVariance,Calculated variance of the values in a numeric column.
Column,Instance of a column in Atlan.,columnTopValues,
Column,Instance of a column in Atlan.,materialisedView,"Materialized view in which this column exists, or empty if the column instead exists in a table or view."
Column,Instance of a column in Atlan.,queries,Queries that involve this column.
Column,Instance of a column in Atlan.,metricTimestamps,
Column,Instance of a column in Atlan.,foreignKeyTo,All the columns that refer to this column as a foreign key.
Column,Instance of a column in Atlan.,foreignKeyFrom,Column this column refers to as a foreign key.
Column,Instance of a column in Atlan.,dbtMetrics,
Column,Instance of a column in Atlan.,view,"View in which this column exists, or empty if the column instead exists in a table or materialized view."
Column,Instance of a column in Atlan.,tablePartition,
Column,Instance of a column in Atlan.,dataQualityMetricDimensions,
Column,Instance of a column in Atlan.,dbtModelColumns,
Column,Instance of a column in Atlan.,table,"Table in which this column exists, or empty if the column instead exists in a view or materialized view."
Column,Instance of a column in Atlan.,columnDbtModelColumns,
ColumnProcess,Instance of a column-level lineage process in Atlan.,process,Parent process that contains this column-level process.
Connection,Instance of a connection in Atlan.,category,Type of connection.
Connection,Instance of a connection in Atlan.,subCategory,
Connection,Instance of a connection in Atlan.,host,Host name of the connection's source.
Connection,Instance of a connection in Atlan.,port,Port number to the connection's source.
Connection,Instance of a connection in Atlan.,allowQuery,"When true, allow the source to be queried."
Connection,Instance of a connection in Atlan.,allowQueryPreview,"When true, allow data previews of the source."
Connection,Instance of a connection in Atlan.,queryPreviewConfig,
Connection,Instance of a connection in Atlan.,queryConfig,
Connection,Instance of a connection in Atlan.,credentialStrategy,
Connection,Instance of a connection in Atlan.,previewCredentialStrategy,
Connection,Instance of a connection in Atlan.,policyStrategy,
Connection,Instance of a connection in Atlan.,queryUsernameStrategy,
Connection,Instance of a connection in Atlan.,rowLimit,Maximum number of rows that can be returned for the source.
Connection,Instance of a connection in Atlan.,defaultCredentialGuid,
Connection,Instance of a connection in Atlan.,connectorIcon,
Connection,Instance of a connection in Atlan.,connectorImage,
Connection,Instance of a connection in Atlan.,sourceLogo,
Connection,Instance of a connection in Atlan.,isSampleDataPreviewEnabled,Whether sample data can be previewed for this connection (true) or not (false).
Connection,Instance of a connection in Atlan.,popularityInsightsTimeframe,"Number of days over which popularity is calculated, for example 30 days."
Connection,Instance of a connection in Atlan.,hasPopularityInsights,Whether the connection has popularity insights (true) or not (false).
Connection,Instance of a connection in Atlan.,connectionDbtEnvironments,
DataStudioAsset,Instance of a Google Data Studio asset in Atlan.,dataStudioAssetType,Type of Google Data Studio asset.
DataStudioAsset,Instance of a Google Data Studio asset in Atlan.,dataStudioAssetTitle,Title for the asset.
DataStudioAsset,Instance of a Google Data Studio asset in Atlan.,dataStudioAssetOwner,Owner of the asset within Google Data Studio.
DataStudioAsset,Instance of a Google Data Studio asset in Atlan.,isTrashedDataStudioAsset,Whether the asset is soft-deleted in Google Data Studio (true) or not (false).
Database,Instance of a database in Atlan.,schemaCount,Number of schemas in this database.
Database,Instance of a database in Atlan.,schemas,Schemas that exist within this database.
Dbt,Base class for dbt assets.,dbtAlias,
Dbt,Base class for dbt assets.,dbtMeta,
Dbt,Base class for dbt assets.,dbtUniqueId,
Dbt,Base class for dbt assets.,dbtAccountName,
Dbt,Base class for dbt assets.,dbtProjectName,
Dbt,Base class for dbt assets.,dbtPackageName,
Dbt,Base class for dbt assets.,dbtJobName,
Dbt,Base class for dbt assets.,dbtJobSchedule,
Dbt,Base class for dbt assets.,dbtJobStatus,
Dbt,Base class for dbt assets.,dbtJobScheduleCronHumanized,
Dbt,Base class for dbt assets.,dbtJobLastRun,
Dbt,Base class for dbt assets.,dbtJobNextRun,
Dbt,Base class for dbt assets.,dbtJobNextRunHumanized,
Dbt,Base class for dbt assets.,dbtEnvironmentName,
Dbt,Base class for dbt assets.,dbtEnvironmentDbtVersion,
Dbt,Base class for dbt assets.,dbtTags,
Dbt,Base class for dbt assets.,dbtConnectionContext,
Dbt,Base class for dbt assets.,dbtSemanticLayerProxyUrl,
DbtColumnProcess,Instance of a column-level dbt process in Atlan.,dbtColumnProcessJobStatus,
DbtColumnProcess,Instance of a column-level dbt process in Atlan.,inputToProcesses,
DbtColumnProcess,Instance of a column-level dbt process in Atlan.,outputFromProcesses,
DbtMetric,Instance of a dbt metric in Atlan.,dbtMetricFilters,
DbtMetric,Instance of a dbt metric in Atlan.,dbtMetricFilterColumns,
DbtMetric,Instance of a dbt metric in Atlan.,dbtModel,
DbtModel,Instance of a dbt model in Atlan.,dbtStatus,
DbtModel,Instance of a dbt model in Atlan.,dbtError,
DbtModel,Instance of a dbt model in Atlan.,dbtRawSQL,
DbtModel,Instance of a dbt model in Atlan.,dbtCompiledSQL,
DbtModel,Instance of a dbt model in Atlan.,dbtStats,
DbtModel,Instance of a dbt model in Atlan.,dbtMaterializationType,
DbtModel,Instance of a dbt model in Atlan.,dbtModelCompileStartedAt,
DbtModel,Instance of a dbt model in Atlan.,dbtModelCompileCompletedAt,
DbtModel,Instance of a dbt model in Atlan.,dbtModelExecuteStartedAt,
DbtModel,Instance of a dbt model in Atlan.,dbtModelExecuteCompletedAt,
DbtModel,Instance of a dbt model in Atlan.,dbtModelExecutionTime,
DbtModel,Instance of a dbt model in Atlan.,dbtModelRunGeneratedAt,
DbtModel,Instance of a dbt model in Atlan.,dbtModelRunElapsedTime,
DbtModel,Instance of a dbt model in Atlan.,dbtMetrics,
DbtModel,Instance of a dbt model in Atlan.,dbtModelSqlAssets,
DbtModel,Instance of a dbt model in Atlan.,dbtModelColumns,
DbtModel,Instance of a dbt model in Atlan.,sqlAsset,
DbtModelColumn,Instance of a column within a dbt model in Atlan.,dbtModelQualifiedName,
DbtModelColumn,Instance of a column within a dbt model in Atlan.,dbtModelColumnDataType,
DbtModelColumn,Instance of a column within a dbt model in Atlan.,dbtModelColumnOrder,
DbtModelColumn,Instance of a column within a dbt model in Atlan.,dbtModelColumnSqlColumns,
DbtModelColumn,Instance of a column within a dbt model in Atlan.,sqlColumn,
DbtModelColumn,Instance of a column within a dbt model in Atlan.,dbtModel,
DbtProcess,Instance of a lineage process for dbt in Atlan.,dbtProcessJobStatus,
DbtProcess,Instance of a lineage process for dbt in Atlan.,inputToProcesses,
DbtProcess,Instance of a lineage process for dbt in Atlan.,outputFromProcesses,
DbtSource,Instance of a dbt source asset in Atlan.,dbtState,
DbtSource,Instance of a dbt source asset in Atlan.,dbtFreshnessCriteria,
DbtSource,Instance of a dbt source asset in Atlan.,sqlAssets,
DbtSource,Instance of a dbt source asset in Atlan.,sqlAsset,
Folder,Instance of a folder within a query collection in Atlan.,parentQualifiedName,
Folder,Instance of a folder within a query collection in Atlan.,collectionQualifiedName,qualifiedName of the collection in which this folder exists.
Folder,Instance of a folder within a query collection in Atlan.,parent,Namespace in which this folder exists.
GCS,Base class for Google Cloud Storage assets.,gcsStorageClass,
GCS,Base class for Google Cloud Storage assets.,gcsEncryptionType,
GCS,Base class for Google Cloud Storage assets.,gcsETag,"Entity tag for the asset. An entity tag is a hash of the object and represents changes to the contents of an object only, not its metadata."
GCS,Base class for Google Cloud Storage assets.,gcsRequesterPays,
GCS,Base class for Google Cloud Storage assets.,gcsAccessControl,
GCS,Base class for Google Cloud Storage assets.,gcsMetaGenerationId,
GCSBucket,Instance of a Google Cloud Storage bucket in Atlan.,gcsObjectCount,
GCSBucket,Instance of a Google Cloud Storage bucket in Atlan.,gcsBucketVersioningEnabled,
GCSBucket,Instance of a Google Cloud Storage bucket in Atlan.,gcsBucketRetentionLocked,
GCSBucket,Instance of a Google Cloud Storage bucket in Atlan.,gcsBucketRetentionPeriod,
GCSBucket,Instance of a Google Cloud Storage bucket in Atlan.,gcsBucketRetentionEffectiveTime,
GCSBucket,Instance of a Google Cloud Storage bucket in Atlan.,gcsBucketLifecycleRules,
GCSBucket,Instance of a Google Cloud Storage bucket in Atlan.,gcsBucketRetentionPolicy,
GCSBucket,Instance of a Google Cloud Storage bucket in Atlan.,gcsObjects,GCS objects within this bucket.
GCSObject,Instance of a Google Cloud Storage object in Atlan.,gcsBucketName,Human-readable name of the bucket in which this object exists.
GCSObject,Instance of a Google Cloud Storage object in Atlan.,gcsBucketQualifiedName,qualifiedName of the bucket in which this object exists.
GCSObject,Instance of a Google Cloud Storage object in Atlan.,gcsObjectSize,Object size in bytes.
GCSObject,Instance of a Google Cloud Storage object in Atlan.,gcsObjectKey,
GCSObject,Instance of a Google Cloud Storage object in Atlan.,gcsObjectMediaLink,
GCSObject,Instance of a Google Cloud Storage object in Atlan.,gcsObjectHoldType,
GCSObject,Instance of a Google Cloud Storage object in Atlan.,gcsObjectGenerationId,
GCSObject,Instance of a Google Cloud Storage object in Atlan.,gcsObjectCRC32CHash,
GCSObject,Instance of a Google Cloud Storage object in Atlan.,gcsObjectMD5Hash,
GCSObject,Instance of a Google Cloud Storage object in Atlan.,gcsObjectDataLastModifiedTime,
GCSObject,Instance of a Google Cloud Storage object in Atlan.,gcsObjectContentType,Type of content in the object.
GCSObject,Instance of a Google Cloud Storage object in Atlan.,gcsObjectContentEncoding,
GCSObject,Instance of a Google Cloud Storage object in Atlan.,gcsObjectContentDisposition,Information about how the object's content should be presented.
GCSObject,Instance of a Google Cloud Storage object in Atlan.,gcsObjectContentLanguage,
GCSObject,Instance of a Google Cloud Storage object in Atlan.,gcsObjectRetentionExpirationDate,
GCSObject,Instance of a Google Cloud Storage object in Atlan.,gcsBucket,GCS bucket in which the object exists.
Google,Base class for Google assets.,googleService,Service in Google in which the asset exists.
Google,Base class for Google assets.,googleProjectName,Name of the project in which the asset exists.
Google,Base class for Google assets.,googleProjectId,ID of the project in which the asset exists.
Google,Base class for Google assets.,googleProjectNumber,
Google,Base class for Google assets.,googleLocation,
Google,Base class for Google assets.,googleLocationType,
Google,Base class for Google assets.,googleLabels,List of labels that have been applied to the asset in Google.
Google,Base class for Google assets.,googleTags,List of tags that have been applied to the asset in Google.
KafkaConsumerGroup,Instance of a Kafka ConsumerGroup in Atlan.,kafkaConsumerGroupTopicConsumptionProperties,
KafkaConsumerGroup,Instance of a Kafka ConsumerGroup in Atlan.,kafkaConsumerGroupMemberCount,
KafkaConsumerGroup,Instance of a Kafka ConsumerGroup in Atlan.,kafkaTopicNames,Names of the topics for this consumer group.
KafkaConsumerGroup,Instance of a Kafka ConsumerGroup in Atlan.,kafkaTopicQualifiedNames,Unique names of the topics for this consumer group.
KafkaConsumerGroup,Instance of a Kafka ConsumerGroup in Atlan.,kafkaTopics,Topics for this consumer group.
KafkaTopic,Instance of a Kafka Topic in Atlan.,kafkaTopicIsInternal,
KafkaTopic,Instance of a Kafka Topic in Atlan.,kafkaTopicCompressionType,
KafkaTopic,Instance of a Kafka Topic in Atlan.,kafkaTopicReplicationFactor,
KafkaTopic,Instance of a Kafka Topic in Atlan.,kafkaTopicSegmentBytes,
KafkaTopic,Instance of a Kafka Topic in Atlan.,kafkaTopicPartitionsCount,
KafkaTopic,Instance of a Kafka Topic in Atlan.,kafkaTopicSizeInBytes,
KafkaTopic,Instance of a Kafka Topic in Atlan.,kafkaTopicRecordCount,Number of (unexpired) messages in this topic.
KafkaTopic,Instance of a Kafka Topic in Atlan.,kafkaTopicCleanupPolicy,
KafkaTopic,Instance of a Kafka Topic in Atlan.,kafkaConsumerGroups,Consumer groups subscribed to this topic.
Link,Instance of a link in Atlan.,icon,Icon for the link.
Link,Instance of a link in Atlan.,iconType,Type of icon for the link.
Link,Instance of a link in Atlan.,internal,
Link,Instance of a link in Atlan.,asset,Asset to which the link is attached.
LookerDashboard,Instance of a Looker dashboard in Atlan.,folderName,
LookerDashboard,Instance of a Looker dashboard in Atlan.,sourceUserId,
LookerDashboard,Instance of a Looker dashboard in Atlan.,sourceViewCount,
LookerDashboard,Instance of a Looker dashboard in Atlan.,sourceMetadataId,
LookerDashboard,Instance of a Looker dashboard in Atlan.,sourcelastUpdaterId,
LookerDashboard,Instance of a Looker dashboard in Atlan.,sourceLastAccessedAt,
LookerDashboard,Instance of a Looker dashboard in Atlan.,sourceLastViewedAt,
LookerDashboard,Instance of a Looker dashboard in Atlan.,tiles,
LookerDashboard,Instance of a Looker dashboard in Atlan.,looks,
LookerDashboard,Instance of a Looker dashboard in Atlan.,folder,
LookerExplore,Instance of a Looker explore in Atlan.,projectName,
LookerExplore,Instance of a Looker explore in Atlan.,modelName,
LookerExplore,Instance of a Looker explore in Atlan.,sourceConnectionName,
LookerExplore,Instance of a Looker explore in Atlan.,viewName,
LookerExplore,Instance of a Looker explore in Atlan.,sqlTableName,
LookerExplore,Instance of a Looker explore in Atlan.,project,
LookerExplore,Instance of a Looker explore in Atlan.,model,
LookerExplore,Instance of a Looker explore in Atlan.,fields,
LookerField,Instance of a Looker field in Atlan.,projectName,
LookerField,Instance of a Looker field in Atlan.,lookerExploreQualifiedName,
LookerField,Instance of a Looker field in Atlan.,lookerViewQualifiedName,
LookerField,Instance of a Looker field in Atlan.,modelName,
LookerField,Instance of a Looker field in Atlan.,sourceDefinition,
LookerField,Instance of a Looker field in Atlan.,lookerFieldDataType,
LookerField,Instance of a Looker field in Atlan.,lookerTimesUsed,
LookerField,Instance of a Looker field in Atlan.,view,
LookerField,Instance of a Looker field in Atlan.,explore,
LookerField,Instance of a Looker field in Atlan.,project,
LookerField,Instance of a Looker field in Atlan.,model,
LookerFolder,Instance of a Looker folder in Atlan.,sourceContentMetadataId,
LookerFolder,Instance of a Looker folder in Atlan.,sourceCreatorId,
LookerFolder,Instance of a Looker folder in Atlan.,sourceChildCount,
LookerFolder,Instance of a Looker folder in Atlan.,sourceParentID,
LookerFolder,Instance of a Looker folder in Atlan.,looks,
LookerFolder,Instance of a Looker folder in Atlan.,dashboards,
LookerLook,Instance of a Looker look in Atlan.,folderName,
LookerLook,Instance of a Looker look in Atlan.,sourceUserId,
LookerLook,Instance of a Looker look in Atlan.,sourceViewCount,
LookerLook,Instance of a Looker look in Atlan.,sourcelastUpdaterId,
LookerLook,Instance of a Looker look in Atlan.,sourceLastAccessedAt,
LookerLook,Instance of a Looker look in Atlan.,sourceLastViewedAt,
LookerLook,Instance of a Looker look in Atlan.,sourceContentMetadataId,
LookerLook,Instance of a Looker look in Atlan.,sourceQueryId,
LookerLook,Instance of a Looker look in Atlan.,modelName,
LookerLook,Instance of a Looker look in Atlan.,folder,
LookerLook,Instance of a Looker look in Atlan.,query,
LookerLook,Instance of a Looker look in Atlan.,tile,
LookerLook,Instance of a Looker look in Atlan.,model,
LookerLook,Instance of a Looker look in Atlan.,dashboard,
LookerModel,Instance of a Looker model in Atlan.,projectName,
LookerModel,Instance of a Looker model in Atlan.,explores,
LookerModel,Instance of a Looker model in Atlan.,project,
LookerModel,Instance of a Looker model in Atlan.,fields,
LookerModel,Instance of a Looker model in Atlan.,look,
LookerModel,Instance of a Looker model in Atlan.,queries,
LookerProject,Instance of a Looker project in Atlan.,models,
LookerProject,Instance of a Looker project in Atlan.,explores,
LookerProject,Instance of a Looker project in Atlan.,fields,
LookerProject,Instance of a Looker project in Atlan.,views,
LookerQuery,Instance of a Looker query in Atlan.,sourceDefinition,
LookerQuery,Instance of a Looker query in Atlan.,sourceDefinitionDatabase,
LookerQuery,Instance of a Looker query in Atlan.,sourceDefinitionSchema,
LookerQuery,Instance of a Looker query in Atlan.,fields,
LookerQuery,Instance of a Looker query in Atlan.,tiles,
LookerQuery,Instance of a Looker query in Atlan.,looks,
LookerQuery,Instance of a Looker query in Atlan.,model,
LookerTile,Instance of a Looker tile in Atlan.,lookmlLinkId,
LookerTile,Instance of a Looker tile in Atlan.,mergeResultId,
LookerTile,Instance of a Looker tile in Atlan.,noteText,
LookerTile,Instance of a Looker tile in Atlan.,queryID,
LookerTile,Instance of a Looker tile in Atlan.,resultMakerID,
LookerTile,Instance of a Looker tile in Atlan.,subtitleText,
LookerTile,Instance of a Looker tile in Atlan.,lookId,
LookerTile,Instance of a Looker tile in Atlan.,query,
LookerTile,Instance of a Looker tile in Atlan.,look,
LookerTile,Instance of a Looker tile in Atlan.,dashboard,
LookerView,Instance of a Looker view in Atlan.,projectName,
LookerView,Instance of a Looker view in Atlan.,project,
LookerView,Instance of a Looker view in Atlan.,fields,
MaterialisedView,Instance of a materialized view in Atlan.,refreshMode,
MaterialisedView,Instance of a materialized view in Atlan.,refreshMethod,
MaterialisedView,Instance of a materialized view in Atlan.,staleness,
MaterialisedView,Instance of a materialized view in Atlan.,staleSinceDate,
MaterialisedView,Instance of a materialized view in Atlan.,columnCount,Number of columns in this materialized view.
MaterialisedView,Instance of a materialized view in Atlan.,rowCount,Number of rows in this materialized view.
MaterialisedView,Instance of a materialized view in Atlan.,sizeBytes,Size of the materialized view in bytes.
MaterialisedView,Instance of a materialized view in Atlan.,isQueryPreview,
MaterialisedView,Instance of a materialized view in Atlan.,queryPreviewConfig,
MaterialisedView,Instance of a materialized view in Atlan.,alias,
MaterialisedView,Instance of a materialized view in Atlan.,isTemporary,Whether this materialized view is temporary (true) or not (false).
MaterialisedView,Instance of a materialized view in Atlan.,definition,Definition of the materialized view (DDL).
MaterialisedView,Instance of a materialized view in Atlan.,atlanSchema,Schema in which this materialized view exists.
MaterialisedView,Instance of a materialized view in Atlan.,columns,Columns that exist within this materialized view.
Metabase,Base class for Metabase assets.,metabaseCollectionName,
Metabase,Base class for Metabase assets.,metabaseCollectionQualifiedName,
MetabaseCollection,Instance of a Metabase collection in Atlan.,metabaseSlug,
MetabaseCollection,Instance of a Metabase collection in Atlan.,metabaseColor,
MetabaseCollection,Instance of a Metabase collection in Atlan.,metabaseNamespace,
MetabaseCollection,Instance of a Metabase collection in Atlan.,metabaseIsPersonalCollection,
MetabaseCollection,Instance of a Metabase collection in Atlan.,metabaseDashboards,
MetabaseCollection,Instance of a Metabase collection in Atlan.,metabaseQuestions,
MetabaseDashboard,Instance of a Metabase dashboard in Atlan.,metabaseQuestionCount,
MetabaseDashboard,Instance of a Metabase dashboard in Atlan.,metabaseQuestions,
MetabaseDashboard,Instance of a Metabase dashboard in Atlan.,metabaseCollection,
MetabaseQuestion,Instance of a Metabase question in Atlan.,metabaseDashboardCount,
MetabaseQuestion,Instance of a Metabase question in Atlan.,metabaseQueryType,
MetabaseQuestion,Instance of a Metabase question in Atlan.,metabaseQuery,
MetabaseQuestion,Instance of a Metabase question in Atlan.,metabaseDashboards,
MetabaseQuestion,Instance of a Metabase question in Atlan.,metabaseCollection,
Metric,Base class for metrics assets.,metricType,
Metric,Base class for metrics assets.,metricSQL,
Metric,Base class for metrics assets.,metricFilters,
Metric,Base class for metrics assets.,metricTimeGrains,
Metric,Base class for metrics assets.,assets,
Metric,Base class for metrics assets.,metricDimensionColumns,
Metric,Base class for metrics assets.,metricTimestampColumn,
Mode,Base class for Mode assets.,modeId,
Mode,Base class for Mode assets.,modeToken,
Mode,Base class for Mode assets.,modeWorkspaceName,
Mode,Base class for Mode assets.,modeWorkspaceUsername,
Mode,Base class for Mode assets.,modeWorkspaceQualifiedName,
Mode,Base class for Mode assets.,modeReportName,
Mode,Base class for Mode assets.,modeReportQualifiedName,
Mode,Base class for Mode assets.,modeQueryName,
Mode,Base class for Mode assets.,modeQueryQualifiedName,
ModeChart,Instance of a Mode chart in Atlan.,modeChartType,
ModeChart,Instance of a Mode chart in Atlan.,modeQuery,
ModeCollection,Instance of a Mode collection in Atlan.,modeCollectionType,
ModeCollection,Instance of a Mode collection in Atlan.,modeCollectionState,
ModeCollection,Instance of a Mode collection in Atlan.,modeWorkspace,
ModeCollection,Instance of a Mode collection in Atlan.,modeReports,
ModeQuery,Instance of a Mode query in Atlan.,modeRawQuery,
ModeQuery,Instance of a Mode query in Atlan.,modeReportImportCount,
ModeQuery,Instance of a Mode query in Atlan.,modeCharts,
ModeQuery,Instance of a Mode query in Atlan.,modeReport,
ModeReport,Instance of a Mode report in Atlan.,modeCollectionToken,
ModeReport,Instance of a Mode report in Atlan.,modeReportPublishedAt,
ModeReport,Instance of a Mode report in Atlan.,modeQueryCount,
ModeReport,Instance of a Mode report in Atlan.,modeChartCount,
ModeReport,Instance of a Mode report in Atlan.,modeQueryPreview,
ModeReport,Instance of a Mode report in Atlan.,modeIsPublic,
ModeReport,Instance of a Mode report in Atlan.,modeIsShared,
ModeReport,Instance of a Mode report in Atlan.,modeCollections,
ModeReport,Instance of a Mode report in Atlan.,modeQueries,
ModeWorkspace,Instance of a Mode workspace in Atlan.,modeCollectionCount,
ModeWorkspace,Instance of a Mode workspace in Atlan.,modeCollections,
Namespace,Base class for query collections and folders.,childrenQueries,
Namespace,Base class for query collections and folders.,childrenFolders,
PowerBI,Base class for Power BI assets.,powerBIIsHidden,
PowerBI,Base class for Power BI assets.,powerBITableQualifiedName,
PowerBI,Base class for Power BI assets.,powerBIFormatString,
PowerBI,Base class for Power BI assets.,powerBIEndorsement,
PowerBIColumn,Instance of a Power BI column in Atlan.,workspaceQualifiedName,
PowerBIColumn,Instance of a Power BI column in Atlan.,datasetQualifiedName,
PowerBIColumn,Instance of a Power BI column in Atlan.,powerBIColumnDataCategory,
PowerBIColumn,Instance of a Power BI column in Atlan.,powerBIColumnDataType,
PowerBIColumn,Instance of a Power BI column in Atlan.,powerBISortByColumn,
PowerBIColumn,Instance of a Power BI column in Atlan.,powerBIColumnSummarizeBy,
PowerBIColumn,Instance of a Power BI column in Atlan.,table,
PowerBIDashboard,Instance of a Power BI dashboard in Atlan.,workspaceQualifiedName,
PowerBIDashboard,Instance of a Power BI dashboard in Atlan.,webUrl,
PowerBIDashboard,Instance of a Power BI dashboard in Atlan.,tileCount,
PowerBIDashboard,Instance of a Power BI dashboard in Atlan.,tiles,
PowerBIDashboard,Instance of a Power BI dashboard in Atlan.,workspace,
PowerBIDataflow,Instance of a Power BI dataflow in Atlan.,workspaceQualifiedName,
PowerBIDataflow,Instance of a Power BI dataflow in Atlan.,webUrl,
PowerBIDataflow,Instance of a Power BI dataflow in Atlan.,workspace,
PowerBIDataflow,Instance of a Power BI dataflow in Atlan.,datasets,
PowerBIDataset,Instance of a Power BI dataset in Atlan.,workspaceQualifiedName,
PowerBIDataset,Instance of a Power BI dataset in Atlan.,webUrl,
PowerBIDataset,Instance of a Power BI dataset in Atlan.,reports,
PowerBIDataset,Instance of a Power BI dataset in Atlan.,tiles,
PowerBIDataset,Instance of a Power BI dataset in Atlan.,workspace,
PowerBIDataset,Instance of a Power BI dataset in Atlan.,tables,
PowerBIDataset,Instance of a Power BI dataset in Atlan.,datasources,
PowerBIDataset,Instance of a Power BI dataset in Atlan.,dataflows,
PowerBIDatasource,Instance of a Power BI datasource in Atlan.,connectionDetails,
PowerBIDatasource,Instance of a Power BI datasource in Atlan.,datasets,
PowerBIMeasure,Instance of a Power BI measure in Atlan.,workspaceQualifiedName,
PowerBIMeasure,Instance of a Power BI measure in Atlan.,datasetQualifiedName,
PowerBIMeasure,Instance of a Power BI measure in Atlan.,powerBIMeasureExpression,
PowerBIMeasure,Instance of a Power BI measure in Atlan.,powerBIIsExternalMeasure,
PowerBIMeasure,Instance of a Power BI measure in Atlan.,table,
PowerBIPage,Instance of a Power BI page in Atlan.,workspaceQualifiedName,
PowerBIPage,Instance of a Power BI page in Atlan.,reportQualifiedName,
PowerBIPage,Instance of a Power BI page in Atlan.,report,
PowerBIReport,Instance of a Power BI report in Atlan.,workspaceQualifiedName,
PowerBIReport,Instance of a Power BI report in Atlan.,datasetQualifiedName,
PowerBIReport,Instance of a Power BI report in Atlan.,webUrl,
PowerBIReport,Instance of a Power BI report in Atlan.,pageCount,
PowerBIReport,Instance of a Power BI report in Atlan.,tiles,
PowerBIReport,Instance of a Power BI report in Atlan.,workspace,
PowerBIReport,Instance of a Power BI report in Atlan.,pages,
PowerBIReport,Instance of a Power BI report in Atlan.,dataset,
PowerBITable,Instance of a Power BI table in Atlan.,workspaceQualifiedName,
PowerBITable,Instance of a Power BI table in Atlan.,datasetQualifiedName,
PowerBITable,Instance of a Power BI table in Atlan.,powerBITableSourceExpressions,
PowerBITable,Instance of a Power BI table in Atlan.,powerBITableColumnCount,
PowerBITable,Instance of a Power BI table in Atlan.,powerBITableMeasureCount,
PowerBITable,Instance of a Power BI table in Atlan.,measures,
PowerBITable,Instance of a Power BI table in Atlan.,columns,
PowerBITable,Instance of a Power BI table in Atlan.,dataset,
PowerBITile,Instance of a Power BI tile in Atlan.,workspaceQualifiedName,
PowerBITile,Instance of a Power BI tile in Atlan.,dashboardQualifiedName,
PowerBITile,Instance of a Power BI tile in Atlan.,report,
PowerBITile,Instance of a Power BI tile in Atlan.,dataset,
PowerBITile,Instance of a Power BI tile in Atlan.,dashboard,
PowerBIWorkspace,Instance of a Power BI workspace in Atlan.,webUrl,
PowerBIWorkspace,Instance of a Power BI workspace in Atlan.,reportCount,
PowerBIWorkspace,Instance of a Power BI workspace in Atlan.,dashboardCount,
PowerBIWorkspace,Instance of a Power BI workspace in Atlan.,datasetCount,
PowerBIWorkspace,Instance of a Power BI workspace in Atlan.,dataflowCount,
PowerBIWorkspace,Instance of a Power BI workspace in Atlan.,reports,
PowerBIWorkspace,Instance of a Power BI workspace in Atlan.,datasets,
PowerBIWorkspace,Instance of a Power BI workspace in Atlan.,dashboards,
PowerBIWorkspace,Instance of a Power BI workspace in Atlan.,dataflows,
Preset,Base class for Preset assets.,presetWorkspaceId,ID of the Preset asset's workspace.
Preset,Base class for Preset assets.,presetWorkspaceQualifiedName,qualifiedName of the Preset asset's workspace.
Preset,Base class for Preset assets.,presetDashboardId,ID of the Preset asset's collection.
Preset,Base class for Preset assets.,presetDashboardQualifiedName,qualifiedName of the Preset asset's collection.
PresetChart,Instance of a Preset chart in Atlan.,presetChartDescriptionMarkdown,Markdown-based description of the chart.
PresetChart,Instance of a Preset chart in Atlan.,presetChartFormData,
PresetChart,Instance of a Preset chart in Atlan.,presetDashboard,Collection in which the chart exists.
PresetDashboard,Instance of a Preset collection in Atlan.,presetDashboardChangedByName,Username of the user who last changed the collection.
PresetDashboard,Instance of a Preset collection in Atlan.,presetDashboardChangedByURL,
PresetDashboard,Instance of a Preset collection in Atlan.,presetDashboardIsManagedExternally,Whether the collection is managed externally (true) or not (false).
PresetDashboard,Instance of a Preset collection in Atlan.,presetDashboardIsPublished,Whether the collection is published (true) or not (false).
PresetDashboard,Instance of a Preset collection in Atlan.,presetDashboardThumbnailURL,URL to a thumbnail illustration of the collection.
PresetDashboard,Instance of a Preset collection in Atlan.,presetDashboardChartCount,Number of charts within the collection.
PresetDashboard,Instance of a Preset collection in Atlan.,presetDatasets,Datasets contained within the collection.
PresetDashboard,Instance of a Preset collection in Atlan.,presetCharts,Charts contained within the collection.
PresetDashboard,Instance of a Preset collection in Atlan.,presetWorkspace,Workspace in which the collection exists.
PresetDataset,Instance of a Preset dataset in Atlan.,presetDatasetDatasourceName,Name of the data source for the dataset.
PresetDataset,Instance of a Preset dataset in Atlan.,presetDatasetId,ID of the dataset.
PresetDataset,Instance of a Preset dataset in Atlan.,presetDatasetType,Type of the dataset.
PresetDataset,Instance of a Preset dataset in Atlan.,presetDashboard,Collection in which the dataset exists.
PresetWorkspace,Instance of a Preset workspace in Atlan.,presetWorkspacePublicDashboardsAllowed,Whether public collections are allowed in the workspace (true) or not (false).
PresetWorkspace,Instance of a Preset workspace in Atlan.,presetWorkspaceClusterId,ID of the cluster for the Preset workspace.
PresetWorkspace,Instance of a Preset workspace in Atlan.,presetWorkspaceHostname,Hostname of the Preset workspace.
PresetWorkspace,Instance of a Preset workspace in Atlan.,presetWorkspaceIsInMaintenanceMode,Whether the workspace is in maintenance mode (true) or not (false).
PresetWorkspace,Instance of a Preset workspace in Atlan.,presetWorkspaceRegion,Region of the workspace.
PresetWorkspace,Instance of a Preset workspace in Atlan.,presetWorkspaceStatus,Status of the workspace.
PresetWorkspace,Instance of a Preset workspace in Atlan.,presetWorkspaceDeploymentId,ID of the deployment for the Preset workspace.
PresetWorkspace,Instance of a Preset workspace in Atlan.,presetWorkspaceDashboardCount,Number of collections in the workspace.
PresetWorkspace,Instance of a Preset workspace in Atlan.,presetWorkspaceDatasetCount,Number of datasets in the workspace.
PresetWorkspace,Instance of a Preset workspace in Atlan.,presetDashboards,Collections within this workspace.
Procedure,Instance of a stored procedure (routine) in Atlan.,definition,Logic of the procedure.
Procedure,Instance of a stored procedure (routine) in Atlan.,atlanSchema,Schema in which the procedure is contained.
Process,Instance of a lineage process in Atlan.,code,Code that ran within the process.
Process,Instance of a lineage process in Atlan.,sql,SQL query that ran to produce the outputs.
Process,Instance of a lineage process in Atlan.,ast,
Process,Instance of a lineage process in Atlan.,outputs,Assets that are outputs from this process.
Process,Instance of a lineage process in Atlan.,inputs,Assets that are inputs to this process.
Process,Instance of a lineage process in Atlan.,columnProcesses,Processes that detail column-level lineage for this process.
Qlik,Base class for Qlik assets.,qlikId,Unique identifier of the Qlik asset in Qlik.
Qlik,Base class for Qlik assets.,qlikQRI,QRI of the Qlik object.
Qlik,Base class for Qlik assets.,qlikSpaceId,Unique identifier (in Qlik) of the space where the asset exists.
Qlik,Base class for Qlik assets.,qlikSpaceQualifiedName,Unique name of the space where the Qlik asset exists.
Qlik,Base class for Qlik assets.,qlikAppId,Unique identifier (in Qlik) of the app where the asset exists.
Qlik,Base class for Qlik assets.,qlikAppQualifiedName,Unique name of the app where the Qlik asset exists.
Qlik,Base class for Qlik assets.,qlikOwnerId,Unique identifier (in Qlik) of the owner of the asset.
Qlik,Base class for Qlik assets.,qlikIsPublished,Whether the asset is published in Qlik (true) or not (false).
QlikApp,Instance of a Qlik App in Atlan.,qlikHasSectionAccess,Whether section access or data masking is enabled (true) or not (false).
QlikApp,Instance of a Qlik App in Atlan.,qlikOriginAppId,
QlikApp,Instance of a Qlik App in Atlan.,qlikIsEncrypted,Whether the app is encrypted (true) or not (false).
QlikApp,Instance of a Qlik App in Atlan.,qlikIsDirectQueryMode,Whether the app is in direct query mode (true) or not (false).
QlikApp,Instance of a Qlik App in Atlan.,qlikAppStaticByteSize,Static space taken up by the app.
QlikApp,Instance of a Qlik App in Atlan.,qlikSpace,Space in which the app exists.
QlikApp,Instance of a Qlik App in Atlan.,qlikSheets,Sheets that exist within the app.
QlikChart,Instance of a Qlick Chart in Atlan.,qlikChartSubtitle,Subtitle of the chart.
QlikChart,Instance of a Qlick Chart in Atlan.,qlikChartFootnote,Footnote on the chart.
QlikChart,Instance of a Qlick Chart in Atlan.,qlikChartOrientation,Orientation of the chart.
QlikChart,Instance of a Qlick Chart in Atlan.,qlikChartType,"Subtype of the chart, for example: bar, graph, pie, etc."
QlikChart,Instance of a Qlick Chart in Atlan.,qlikSheet,Sheet in which the chart exists.
QlikDataset,"Instance of a Qlik Dataset, Datafile, Datastore or Dataasset in Atlan.",qlikDatasetTechnicalName,Technical name of the data asset.
QlikDataset,"Instance of a Qlik Dataset, Datafile, Datastore or Dataasset in Atlan.",qlikDatasetType,"Type of the data asset, for example: qix-df, snowflake, etc."
QlikDataset,"Instance of a Qlik Dataset, Datafile, Datastore or Dataasset in Atlan.",qlikDatasetUri,URI of the dataset.
QlikDataset,"Instance of a Qlik Dataset, Datafile, Datastore or Dataasset in Atlan.",qlikDatasetSubtype,Subtype of the dataset.
QlikDataset,"Instance of a Qlik Dataset, Datafile, Datastore or Dataasset in Atlan.",qlikSpace,Space in which the dataset exists.
QlikSheet,Instance of a Qlik Sheet in Atlan.,qlikSheetIsApproved,Whether the sheet is approved (true) or not (false).
QlikSheet,Instance of a Qlik Sheet in Atlan.,qlikApp,App in which the sheet exists.
QlikSheet,Instance of a Qlik Sheet in Atlan.,qlikCharts,Charts contained within the sheet.
QlikSpace,Instance of a Qlik Space in Atlan.,qlikSpaceType,"Type of space, for example: Private, Shared, etc."
QlikSpace,Instance of a Qlik Space in Atlan.,qlikDatasets,Datasets contained within the space.
QlikSpace,Instance of a Qlik Space in Atlan.,qlikApps,Apps contained within the space.
Query,Instance of a query in Atlan.,rawQuery,
Query,Instance of a query in Atlan.,defaultSchemaQualifiedName,
Query,Instance of a query in Atlan.,defaultDatabaseQualifiedName,
Query,Instance of a query in Atlan.,variablesSchemaBase64,
Query,Instance of a query in Atlan.,isPrivate,
Query,Instance of a query in Atlan.,isSqlSnippet,
Query,Instance of a query in Atlan.,parentQualifiedName,
Query,Instance of a query in Atlan.,collectionQualifiedName,
Query,Instance of a query in Atlan.,isVisualQuery,
Query,Instance of a query in Atlan.,visualBuilderSchemaBase64,
Query,Instance of a query in Atlan.,parent,
Query,Instance of a query in Atlan.,tables,
Query,Instance of a query in Atlan.,columns,
Query,Instance of a query in Atlan.,views,
QuickSight,Base class for QuickSight assets.,quickSightId,
QuickSight,Base class for QuickSight assets.,quickSightSheetId,
QuickSight,Base class for QuickSight assets.,quickSightSheetName,
QuickSightAnalysis,Instance of a QuickSight Analysis asset in Atlan.,quickSightAnalysisStatus,
QuickSightAnalysis,Instance of a QuickSight Analysis asset in Atlan.,quickSightAnalysisCalculatedFields,
QuickSightAnalysis,Instance of a QuickSight Analysis asset in Atlan.,quickSightAnalysisParameterDeclarations,
QuickSightAnalysis,Instance of a QuickSight Analysis asset in Atlan.,quickSightAnalysisFilterGroups,
QuickSightAnalysis,Instance of a QuickSight Analysis asset in Atlan.,quickSightAnalysisVisuals,
QuickSightAnalysis,Instance of a QuickSight Analysis asset in Atlan.,quickSightAnalysisFolders,
QuickSightAnalysisVisual,Instance of a QuickSight Analysis sheet visual in Atlan.,quickSightAnalysisQualifiedName,
QuickSightAnalysisVisual,Instance of a QuickSight Analysis sheet visual in Atlan.,quickSightAnalysis,
QuickSightDashboard,Instance of a QuickSight Dashboard in Atlan.,quickSightDashboardPublishedVersionNumber,
QuickSightDashboard,Instance of a QuickSight Dashboard in Atlan.,quickSightDashboardLastPublishedTime,
QuickSightDashboard,Instance of a QuickSight Dashboard in Atlan.,quickSightDashboardFolders,
QuickSightDashboard,Instance of a QuickSight Dashboard in Atlan.,quickSightDashboardVisuals,
QuickSightDashboardVisual,Instance of a QuickSight Dashboard sheet visual in Atlan.,quickSightDashboardQualifiedName,
QuickSightDashboardVisual,Instance of a QuickSight Dashboard sheet visual in Atlan.,quickSightDashboard,
QuickSightDataset,Instance of a QuickSight Dataset in Atlan.,quickSightDatasetImportMode,
QuickSightDataset,Instance of a QuickSight Dataset in Atlan.,quickSightDatasetColumnCount,
QuickSightDataset,Instance of a QuickSight Dataset in Atlan.,quickSightDatasetFolders,
QuickSightDataset,Instance of a QuickSight Dataset in Atlan.,quickSightDatasetFields,
QuickSightDatasetField,Instance of a QuickSight Dataset field in Atlan.,quickSightDatasetFieldType,
QuickSightDatasetField,Instance of a QuickSight Dataset field in Atlan.,quickSightDatasetQualifiedName,
QuickSightDatasetField,Instance of a QuickSight Dataset field in Atlan.,quickSightDataset,
QuickSightFolder,Instance of a QuickSight Folder in Atlan.,quickSightFolderType,
QuickSightFolder,Instance of a QuickSight Folder in Atlan.,quickSightFolderHierarchy,
QuickSightFolder,Instance of a QuickSight Folder in Atlan.,quickSightDashboards,
QuickSightFolder,Instance of a QuickSight Folder in Atlan.,quickSightAnalyses,
QuickSightFolder,Instance of a QuickSight Folder in Atlan.,quickSightDatasets,
Readme,Instance of a README in Atlan.,asset,Asset to which the README is linked.
Readme,Instance of a README in Atlan.,seeAlso,
ReadmeTemplate,Instance of a README template in Atlan.,icon,
ReadmeTemplate,Instance of a README template in Atlan.,iconType,
Referenceable,Base class for everything in Atlan.,qualifiedName,Unique name for this asset. This is typically a concatenation of the asset's name onto its parent's qualifiedName.
Referenceable,Base class for everything in Atlan.,replicatedFrom,Unused.
Referenceable,Base class for everything in Atlan.,replicatedTo,Unused.
Referenceable,Base class for everything in Atlan.,meanings,Terms that are linked to this asset.
Resource,Base class for resources.,link,
Resource,Base class for resources.,isGlobal,
Resource,Base class for resources.,reference,
Resource,Base class for resources.,resourceMetadata,
S3,Base class for S3 assets.,s3ETag,"Entity tag for the asset. An entity tag is a hash of the object and represents changes to the contents of an object only, not its metadata."
S3,Base class for S3 assets.,s3Encryption,
S3Bucket,Instance of an S3 bucket in Atlan.,s3ObjectCount,Number of objects within the bucket.
S3Bucket,Instance of an S3 bucket in Atlan.,s3BucketVersioningEnabled,Whether versioning is enabled for the bucket.
S3Bucket,Instance of an S3 bucket in Atlan.,objects,S3 objects within this bucket.
S3Object,Instance of an S3 object in Atlan.,s3ObjectLastModifiedTime,"Time (epoch) at which the object was last updated, in milliseconds, or when it was created if it has never been modified."
S3Object,Instance of an S3 object in Atlan.,s3BucketName,Name of the bucket in which the object exists.
S3Object,Instance of an S3 object in Atlan.,s3BucketQualifiedName,qualifiedName of the bucket in which the object exists.
S3Object,Instance of an S3 object in Atlan.,s3ObjectSize,Object size in bytes.
S3Object,Instance of an S3 object in Atlan.,s3ObjectStorageClass,Storage class used for storing the object.
S3Object,Instance of an S3 object in Atlan.,s3ObjectKey,Unique identity of the object in an S3 bucket. This is usually the concatenation of any prefix (folder) in the S3 bucket with the name of the object (file) itself.
S3Object,Instance of an S3 object in Atlan.,s3ObjectContentType,Type of content in the object.
S3Object,Instance of an S3 object in Atlan.,s3ObjectContentDisposition,Information about how the object's content should be presented.
S3Object,Instance of an S3 object in Atlan.,s3ObjectVersionId,Version of the object. This is only applicable when versioning is enabled on the bucket in which the object exists.
S3Object,Instance of an S3 object in Atlan.,bucket,S3 bucket in which the object exists.
SQL,Base class for SQL assets.,queryCount,
SQL,Base class for SQL assets.,queryUserCount,
SQL,Base class for SQL assets.,queryUserMap,
SQL,Base class for SQL assets.,queryCountUpdatedAt,"Time (epoch) at which the query count was last updated, in milliseconds."
SQL,Base class for SQL assets.,databaseName,"Simple name of the database in which this SQL asset exists, or empty if it does not exist within a database."
SQL,Base class for SQL assets.,databaseQualifiedName,"Unique name of the database in which this SQL asset exists, or empty if it does not exist within a database."
SQL,Base class for SQL assets.,schemaName,"Simple name of the schema in which this SQL asset exists, or empty if it does not exist within a schema."
SQL,Base class for SQL assets.,schemaQualifiedName,"Unique name of the schema in which this SQL asset exists, or empty if it does not exist within a schema."
SQL,Base class for SQL assets.,tableName,"Simple name of the table in which this SQL asset exists, or empty if it does not exist within a table."
SQL,Base class for SQL assets.,tableQualifiedName,"Unique name of the table in which this SQL asset exists, or empty if it does not exist within a table."
SQL,Base class for SQL assets.,viewName,"Simple name of the view in which this SQL asset exists, or empty if it does not exist within a view."
SQL,Base class for SQL assets.,viewQualifiedName,"Unique name of the view in which this SQL asset exists, or empty if it does not exist within a view."
SQL,Base class for SQL assets.,isProfiled,Whether the asset has been profiled (true) or not (false).
SQL,Base class for SQL assets.,lastProfiledAt,"Time (epoch) at which the asset was last profiled, in milliseconds."
SQL,Base class for SQL assets.,dbtModels,
SQL,Base class for SQL assets.,dbtSources,
SQL,Base class for SQL assets.,sqlDbtModels,
SQL,Base class for SQL assets.,sqlDBTSources,
Salesforce,Base class for Salesforce assets.,organizationQualifiedName,
Salesforce,Base class for Salesforce assets.,apiName,
SalesforceDashboard,Instance of a Salesforce dashboard in Atlan.,sourceId,ID of the dashboard in Salesforce.
SalesforceDashboard,Instance of a Salesforce dashboard in Atlan.,dashboardType,Type of dashboard in Salesforce.
SalesforceDashboard,Instance of a Salesforce dashboard in Atlan.,reportCount,Number of reports linked to the dashboard in Salesforce.
SalesforceDashboard,Instance of a Salesforce dashboard in Atlan.,reports,Reports linked to the dashboard in Salesforce.
SalesforceDashboard,Instance of a Salesforce dashboard in Atlan.,organization,
SalesforceField,Instance of a Salesforce field in Atlan.,dataType,Data type of values in the field.
SalesforceField,Instance of a Salesforce field in Atlan.,objectQualifiedName,
SalesforceField,Instance of a Salesforce field in Atlan.,order,
SalesforceField,Instance of a Salesforce field in Atlan.,inlineHelpText,
SalesforceField,Instance of a Salesforce field in Atlan.,isCalculated,
SalesforceField,Instance of a Salesforce field in Atlan.,formula,
SalesforceField,Instance of a Salesforce field in Atlan.,isCaseSensitive,
SalesforceField,Instance of a Salesforce field in Atlan.,isEncrypted,
SalesforceField,Instance of a Salesforce field in Atlan.,maxLength,
SalesforceField,Instance of a Salesforce field in Atlan.,isNullable,
SalesforceField,Instance of a Salesforce field in Atlan.,precision,Total number of digits allowed.
SalesforceField,Instance of a Salesforce field in Atlan.,numericScale,Number of digits allowed to the right of the decimal point.
SalesforceField,Instance of a Salesforce field in Atlan.,isUnique,
SalesforceField,Instance of a Salesforce field in Atlan.,picklistValues,List of values from which a user can pick while adding a record.
SalesforceField,Instance of a Salesforce field in Atlan.,isPolymorphicForeignKey,Whether the field references a record of multiple objects (true) or not (false).
SalesforceField,Instance of a Salesforce field in Atlan.,defaultValueFormula,
SalesforceField,Instance of a Salesforce field in Atlan.,lookupObjects,
SalesforceField,Instance of a Salesforce field in Atlan.,object,
SalesforceObject,Instance of a Salesforce object in Atlan.,isCustom,Whether the object is a custom object (true) or not (false).
SalesforceObject,Instance of a Salesforce object in Atlan.,isMergable,
SalesforceObject,Instance of a Salesforce object in Atlan.,isQueryable,
SalesforceObject,Instance of a Salesforce object in Atlan.,fieldCount,Number of fields in the object.
SalesforceObject,Instance of a Salesforce object in Atlan.,organization,
SalesforceObject,Instance of a Salesforce object in Atlan.,lookupFields,
SalesforceObject,Instance of a Salesforce object in Atlan.,fields,
SalesforceOrganization,Instance of a Salesforce organization in Atlan.,sourceId,ID of the organization in Salesforce.
SalesforceOrganization,Instance of a Salesforce organization in Atlan.,reports,
SalesforceOrganization,Instance of a Salesforce organization in Atlan.,objects,
SalesforceOrganization,Instance of a Salesforce organization in Atlan.,dashboards,
SalesforceReport,Instance of a Salesforce report in Atlan.,sourceId,ID of the report in Salesforce.
SalesforceReport,Instance of a Salesforce report in Atlan.,reportType,Type of report in Salesforce.
SalesforceReport,Instance of a Salesforce report in Atlan.,detailColumns,List of column names on the report.
SalesforceReport,Instance of a Salesforce report in Atlan.,organization,
SalesforceReport,Instance of a Salesforce report in Atlan.,dashboards,
Schema,Instance of a database schema in Atlan.,tableCount,Number of tables in this schema.
Schema,Instance of a database schema in Atlan.,viewsCount,Number of views in this schema.
Schema,Instance of a database schema in Atlan.,materialisedViews,Materialized views that exist within this schema.
Schema,Instance of a database schema in Atlan.,tables,Tables that exist within this schema.
Schema,Instance of a database schema in Atlan.,database,Database in which this schema exists.
Schema,Instance of a database schema in Atlan.,snowflakePipes,Snowflake Pipes that are defined within this schema.
Schema,Instance of a database schema in Atlan.,snowflakeStreams,Snowflake Streams that are defined within this schema.
Schema,Instance of a database schema in Atlan.,procedures,Stored procedures (routines) that are defined within this schema.
Schema,Instance of a database schema in Atlan.,views,Views that exist within this schema.
Sigma,Base class for Sigma assets.,sigmaWorkbookQualifiedName,
Sigma,Base class for Sigma assets.,sigmaWorkbookName,
Sigma,Base class for Sigma assets.,sigmaPageQualifiedName,
Sigma,Base class for Sigma assets.,sigmaPageName,
Sigma,Base class for Sigma assets.,sigmaDataElementQualifiedName,
Sigma,Base class for Sigma assets.,sigmaDataElementName,
SigmaDataElement,Instance of a Sigma data element in Atlan.,sigmaDataElementQuery,
SigmaDataElement,Instance of a Sigma data element in Atlan.,sigmaDataElementType,
SigmaDataElement,Instance of a Sigma data element in Atlan.,sigmaDataElementFieldCount,Number of data element fields within this data element.
SigmaDataElement,Instance of a Sigma data element in Atlan.,sigmaPage,Page that contains this data element.
SigmaDataElement,Instance of a Sigma data element in Atlan.,sigmaDataElementFields,Data element fields within this data element.
SigmaDataElementField,Instance of a Sigma data element field in Atlan.,sigmaDataElementFieldIsHidden,
SigmaDataElementField,Instance of a Sigma data element field in Atlan.,sigmaDataElementFieldFormula,
SigmaDataElementField,Instance of a Sigma data element field in Atlan.,sigmaDataElement,Data element that contains this data element field.
SigmaDataset,Instance of a Sigma dataset in Atlan.,sigmaDatasetColumnCount,Number of columns that exist within this dataset.
SigmaDataset,Instance of a Sigma dataset in Atlan.,sigmaDatasetColumns,Columns that exist within this dataset.
SigmaDatasetColumn,Instance of a Sigma dataset column in Atlan.,sigmaDatasetQualifiedName,Unique name of the dataset that contains this column.
SigmaDatasetColumn,Instance of a Sigma dataset column in Atlan.,sigmaDatasetName,Human-readable name of the dataset that contains this column.
SigmaDatasetColumn,Instance of a Sigma dataset column in Atlan.,sigmaDataset,Dataset that contains this column.
SigmaPage,Instance of a Sigma page in Atlan.,sigmaDataElementCount,Number of data elements that exist within this page.
SigmaPage,Instance of a Sigma page in Atlan.,sigmaDataElements,Data elements within this page.
SigmaPage,Instance of a Sigma page in Atlan.,sigmaWorkbook,Workbook that contains this page.
SigmaWorkbook,Instance of a Sigma workbook in Atlan.,sigmaPageCount,Number of pages that exist within this workbook.
SigmaWorkbook,Instance of a Sigma workbook in Atlan.,sigmaPages,Pages that exist within this workbook.
SnowflakePipe,Instance of a Snowflake Pipe in Atlan.,definition,
SnowflakePipe,Instance of a Snowflake Pipe in Atlan.,snowflakePipeIsAutoIngestEnabled,
SnowflakePipe,Instance of a Snowflake Pipe in Atlan.,snowflakePipeNotificationChannelName,
SnowflakePipe,Instance of a Snowflake Pipe in Atlan.,atlanSchema,
SnowflakeStream,Instance of a Snowflake Stream in Atlan.,snowflakeStreamType,
SnowflakeStream,Instance of a Snowflake Stream in Atlan.,snowflakeStreamSourceType,
SnowflakeStream,Instance of a Snowflake Stream in Atlan.,snowflakeStreamMode,
SnowflakeStream,Instance of a Snowflake Stream in Atlan.,snowflakeStreamIsStale,
SnowflakeStream,Instance of a Snowflake Stream in Atlan.,snowflakeStreamStaleAfter,
SnowflakeStream,Instance of a Snowflake Stream in Atlan.,atlanSchema,
Table,Instance of a database table in Atlan.,columnCount,Number of columns in this table.
Table,Instance of a database table in Atlan.,rowCount,Number of rows in this table.
Table,Instance of a database table in Atlan.,sizeBytes,Size of the table in bytes.
Table,Instance of a database table in Atlan.,alias,
Table,Instance of a database table in Atlan.,isTemporary,Whether this table is temporary (true) or not (false).
Table,Instance of a database table in Atlan.,isQueryPreview,
Table,Instance of a database table in Atlan.,queryPreviewConfig,
Table,Instance of a database table in Atlan.,externalLocation,
Table,Instance of a database table in Atlan.,externalLocationRegion,
Table,Instance of a database table in Atlan.,externalLocationFormat,
Table,Instance of a database table in Atlan.,isPartitioned,
Table,Instance of a database table in Atlan.,partitionStrategy,
Table,Instance of a database table in Atlan.,partitionCount,
Table,Instance of a database table in Atlan.,partitionList,
Table,Instance of a database table in Atlan.,partitions,
Table,Instance of a database table in Atlan.,atlanSchema,Schema in which this table exists.
Table,Instance of a database table in Atlan.,columns,Columns that exist within this table.
Table,Instance of a database table in Atlan.,queries,Queries that involve this table.
TablePartition,Instance of a database table partition in Atlan.,constraint,
TablePartition,Instance of a database table partition in Atlan.,columnCount,
TablePartition,Instance of a database table partition in Atlan.,rowCount,
TablePartition,Instance of a database table partition in Atlan.,sizeBytes,
TablePartition,Instance of a database table partition in Atlan.,alias,
TablePartition,Instance of a database table partition in Atlan.,isTemporary,
TablePartition,Instance of a database table partition in Atlan.,isQueryPreview,
TablePartition,Instance of a database table partition in Atlan.,queryPreviewConfig,
TablePartition,Instance of a database table partition in Atlan.,externalLocation,
TablePartition,Instance of a database table partition in Atlan.,externalLocationRegion,
TablePartition,Instance of a database table partition in Atlan.,externalLocationFormat,
TablePartition,Instance of a database table partition in Atlan.,isPartitioned,
TablePartition,Instance of a database table partition in Atlan.,partitionStrategy,
TablePartition,Instance of a database table partition in Atlan.,partitionCount,
TablePartition,Instance of a database table partition in Atlan.,partitionList,
TablePartition,Instance of a database table partition in Atlan.,columns,
TablePartition,Instance of a database table partition in Atlan.,parentTable,
TableauCalculatedField,Instance of a Tableau calculated field in Atlan.,siteQualifiedName,
TableauCalculatedField,Instance of a Tableau calculated field in Atlan.,projectQualifiedName,
TableauCalculatedField,Instance of a Tableau calculated field in Atlan.,topLevelProjectQualifiedName,
TableauCalculatedField,Instance of a Tableau calculated field in Atlan.,workbookQualifiedName,
TableauCalculatedField,Instance of a Tableau calculated field in Atlan.,datasourceQualifiedName,
TableauCalculatedField,Instance of a Tableau calculated field in Atlan.,projectHierarchy,
TableauCalculatedField,Instance of a Tableau calculated field in Atlan.,dataCategory,
TableauCalculatedField,Instance of a Tableau calculated field in Atlan.,role,
TableauCalculatedField,Instance of a Tableau calculated field in Atlan.,tableauDataType,
TableauCalculatedField,Instance of a Tableau calculated field in Atlan.,formula,
TableauCalculatedField,Instance of a Tableau calculated field in Atlan.,upstreamFields,
TableauCalculatedField,Instance of a Tableau calculated field in Atlan.,worksheets,
TableauCalculatedField,Instance of a Tableau calculated field in Atlan.,datasource,
TableauDashboard,Instance of a Tableau dashboard in Atlan.,siteQualifiedName,
TableauDashboard,Instance of a Tableau dashboard in Atlan.,projectQualifiedName,
TableauDashboard,Instance of a Tableau dashboard in Atlan.,workbookQualifiedName,
TableauDashboard,Instance of a Tableau dashboard in Atlan.,topLevelProjectQualifiedName,
TableauDashboard,Instance of a Tableau dashboard in Atlan.,projectHierarchy,
TableauDashboard,Instance of a Tableau dashboard in Atlan.,workbook,
TableauDashboard,Instance of a Tableau dashboard in Atlan.,worksheets,
TableauDatasource,Instance of a Tableau datasource in Atlan.,siteQualifiedName,
TableauDatasource,Instance of a Tableau datasource in Atlan.,projectQualifiedName,
TableauDatasource,Instance of a Tableau datasource in Atlan.,topLevelProjectQualifiedName,
TableauDatasource,Instance of a Tableau datasource in Atlan.,workbookQualifiedName,
TableauDatasource,Instance of a Tableau datasource in Atlan.,projectHierarchy,
TableauDatasource,Instance of a Tableau datasource in Atlan.,isPublished,
TableauDatasource,Instance of a Tableau datasource in Atlan.,hasExtracts,
TableauDatasource,Instance of a Tableau datasource in Atlan.,isCertified,
TableauDatasource,Instance of a Tableau datasource in Atlan.,certifier,
TableauDatasource,Instance of a Tableau datasource in Atlan.,certificationNote,
TableauDatasource,Instance of a Tableau datasource in Atlan.,certifierDisplayName,
TableauDatasource,Instance of a Tableau datasource in Atlan.,upstreamTables,
TableauDatasource,Instance of a Tableau datasource in Atlan.,upstreamDatasources,
TableauDatasource,Instance of a Tableau datasource in Atlan.,workbook,
TableauDatasource,Instance of a Tableau datasource in Atlan.,project,
TableauDatasource,Instance of a Tableau datasource in Atlan.,fields,
TableauDatasource,Instance of a Tableau datasource in Atlan.,fields,
TableauDatasourceField,Instance of a Tableau datasource field in Atlan.,siteQualifiedName,
TableauDatasourceField,Instance of a Tableau datasource field in Atlan.,projectQualifiedName,
TableauDatasourceField,Instance of a Tableau datasource field in Atlan.,topLevelProjectQualifiedName,
TableauDatasourceField,Instance of a Tableau datasource field in Atlan.,workbookQualifiedName,
TableauDatasourceField,Instance of a Tableau datasource field in Atlan.,datasourceQualifiedName,
TableauDatasourceField,Instance of a Tableau datasource field in Atlan.,projectHierarchy,
TableauDatasourceField,Instance of a Tableau datasource field in Atlan.,fullyQualifiedName,
TableauDatasourceField,Instance of a Tableau datasource field in Atlan.,tableauDatasourceFieldDataCategory,
TableauDatasourceField,Instance of a Tableau datasource field in Atlan.,tableauDatasourceFieldRole,
TableauDatasourceField,Instance of a Tableau datasource field in Atlan.,tableauDatasourceFieldDataType,
TableauDatasourceField,Instance of a Tableau datasource field in Atlan.,upstreamTables,
TableauDatasourceField,Instance of a Tableau datasource field in Atlan.,tableauDatasourceFieldFormula,
TableauDatasourceField,Instance of a Tableau datasource field in Atlan.,tableauDatasourceFieldBinSize,
TableauDatasourceField,Instance of a Tableau datasource field in Atlan.,upstreamColumns,
TableauDatasourceField,Instance of a Tableau datasource field in Atlan.,upstreamFields,
TableauDatasourceField,Instance of a Tableau datasource field in Atlan.,datasourceFieldType,
TableauDatasourceField,Instance of a Tableau datasource field in Atlan.,worksheets,
TableauDatasourceField,Instance of a Tableau datasource field in Atlan.,datasource,
TableauFlow,Instance of a Tableau flow in Atlan.,siteQualifiedName,
TableauFlow,Instance of a Tableau flow in Atlan.,projectQualifiedName,
TableauFlow,Instance of a Tableau flow in Atlan.,topLevelProjectQualifiedName,
TableauFlow,Instance of a Tableau flow in Atlan.,projectHierarchy,
TableauFlow,Instance of a Tableau flow in Atlan.,inputFields,
TableauFlow,Instance of a Tableau flow in Atlan.,outputFields,
TableauFlow,Instance of a Tableau flow in Atlan.,outputSteps,
TableauFlow,Instance of a Tableau flow in Atlan.,project,
TableauMetric,Instance of a Tableau metric in Atlan.,siteQualifiedName,
TableauMetric,Instance of a Tableau metric in Atlan.,projectQualifiedName,
TableauMetric,Instance of a Tableau metric in Atlan.,topLevelProjectQualifiedName,
TableauMetric,Instance of a Tableau metric in Atlan.,projectHierarchy,
TableauMetric,Instance of a Tableau metric in Atlan.,project,
TableauProject,Instance of a Tableau project in Atlan.,siteQualifiedName,
TableauProject,Instance of a Tableau project in Atlan.,topLevelProjectQualifiedName,
TableauProject,Instance of a Tableau project in Atlan.,isTopLevelProject,
TableauProject,Instance of a Tableau project in Atlan.,projectHierarchy,
TableauProject,Instance of a Tableau project in Atlan.,workbooks,
TableauProject,Instance of a Tableau project in Atlan.,site,
TableauProject,Instance of a Tableau project in Atlan.,parentProject,
TableauProject,Instance of a Tableau project in Atlan.,datasources,
TableauProject,Instance of a Tableau project in Atlan.,flows,
TableauProject,Instance of a Tableau project in Atlan.,childProjects,
TableauSite,Instance of a Tableau site in Atlan.,projects,
TableauWorkbook,Instance of a Tableau workbook in Atlan.,siteQualifiedName,
TableauWorkbook,Instance of a Tableau workbook in Atlan.,projectQualifiedName,
TableauWorkbook,Instance of a Tableau workbook in Atlan.,topLevelProjectName,
TableauWorkbook,Instance of a Tableau workbook in Atlan.,topLevelProjectQualifiedName,
TableauWorkbook,Instance of a Tableau workbook in Atlan.,projectHierarchy,
TableauWorkbook,Instance of a Tableau workbook in Atlan.,worksheets,
TableauWorkbook,Instance of a Tableau workbook in Atlan.,datasources,
TableauWorkbook,Instance of a Tableau workbook in Atlan.,project,
TableauWorkbook,Instance of a Tableau workbook in Atlan.,dashboards,
TableauWorksheet,Instance of a Tableau worksheet in Atlan.,siteQualifiedName,
TableauWorksheet,Instance of a Tableau worksheet in Atlan.,projectQualifiedName,
TableauWorksheet,Instance of a Tableau worksheet in Atlan.,topLevelProjectQualifiedName,
TableauWorksheet,Instance of a Tableau worksheet in Atlan.,projectHierarchy,
TableauWorksheet,Instance of a Tableau worksheet in Atlan.,workbookQualifiedName,
TableauWorksheet,Instance of a Tableau worksheet in Atlan.,workbook,
TableauWorksheet,Instance of a Tableau worksheet in Atlan.,datasourceFields,
TableauWorksheet,Instance of a Tableau worksheet in Atlan.,calculatedFields,
TableauWorksheet,Instance of a Tableau worksheet in Atlan.,dashboards,
Thoughtspot,Base class for ThoughtSpot assets.,thoughtspotChartType,
Thoughtspot,Base class for ThoughtSpot assets.,thoughtspotQuestionText,
ThoughtspotDashlet,Instance of a ThoughtSpot Dashlet in Atlan.,thoughtspotLiveboardName,Name of the Liveboard in which the Dashlet exists.
ThoughtspotDashlet,Instance of a ThoughtSpot Dashlet in Atlan.,thoughtspotLiveboardQualifiedName,Unique name of the Liveboard in which the Dashlet exists.
ThoughtspotDashlet,Instance of a ThoughtSpot Dashlet in Atlan.,thoughtspotLiveboard,Liveboard in which the Dashlet exists.
ThoughtspotLiveboard,Instance of a ThoughtSpot Liveboard in Atlan.,thoughtspotDashlets,Dashlets within the Liveboard.
View,Instance of a database view in Atlan.,columnCount,Number of columns in this view.
View,Instance of a database view in Atlan.,rowCount,Number of rows in this view.
View,Instance of a database view in Atlan.,sizeBytes,Size of the view in bytes.
View,Instance of a database view in Atlan.,isQueryPreview,
View,Instance of a database view in Atlan.,queryPreviewConfig,
View,Instance of a database view in Atlan.,alias,
View,Instance of a database view in Atlan.,isTemporary,Whether this view is temporary (true) or not (false).
View,Instance of a database view in Atlan.,definition,Definition of the view (DDL).
View,Instance of a database view in Atlan.,atlanSchema,Schema in which this view exists.
View,Instance of a database view in Atlan.,columns,Columns that exist within this view.
View,Instance of a database view in Atlan.,queries,Queries that involve this view.
AwsCloudWatchMetric,Detailed information about an AWS CloudWatch metric.,awsCloudWatchMetricName,Name of the AWS CloudWatch metric.
AwsCloudWatchMetric,Detailed information about an AWS CloudWatch metric.,awsCloudWatchMetricScope,Scope of the AWS CloudWatch metric.
AwsTag,Detailed information about an AWS tag.,awsTagKey,Key of the AWS tag.
AwsTag,Detailed information about an AWS tag.,awsTagValue,Value for the AWS tag.
AzureTag,Detailed information about an Azure tag.,azureTagKey,Key of the Azure tag.
AzureTag,Detailed information about an Azure tag.,azureTagValue,Value for the Azure tag.
BadgeCondition,Detailed information about a condition used in coloring a custom metadata badge in Atlan.,badgeConditionOperator,Comparison operator to use when comparing a custom metadata attribute's value.
BadgeCondition,Detailed information about a condition used in coloring a custom metadata badge in Atlan.,badgeConditionValue,Value against which to compare the custom metadata attribute's content.
BadgeCondition,Detailed information about a condition used in coloring a custom metadata badge in Atlan.,badgeConditionColorhex,"Color (in RGB hex, with a # prefix) to use when custom metadata attribute's content matches the value through the comparison operator."
ColumnValueFrequencyMap,Detailed information about frequently occuring values for a column.,columnValue,Value for the column.
ColumnValueFrequencyMap,Detailed information about frequently occuring values for a column.,columnValueFrequency,Number of records that contain the value.
DbtMetricFilter,Detailed information about a dbt Metric Filter.,dbtMetricFilterColumnQualifiedName,Unique name of the column the metric filter applies to.
DbtMetricFilter,Detailed information about a dbt Metric Filter.,dbtMetricFilterField,
DbtMetricFilter,Detailed information about a dbt Metric Filter.,dbtMetricFilterOperator,
DbtMetricFilter,Detailed information about a dbt Metric Filter.,dbtMetricFilterValue,
GoogleLabel,Detailed information about a Google label.,googleLabelKey,Key of the Google label.
GoogleLabel,Detailed information about a Google label.,googleLabelValue,Value for the Google label.
GoogleTag,Detailed information about a Google tag.,googleTagKey,Key of the Google tag.
GoogleTag,Detailed information about a Google tag.,googleTagValue,Value for the Google tag.
Histogram,Detailed information about a distribution of values.,boundaries,
Histogram,Detailed information about a distribution of values.,frequencies,
KafkaTopicConsumption,Detailed information about the consumption of a Kafka topic.,topicName,Name of the Kafka topic.
KafkaTopicConsumption,Detailed information about the consumption of a Kafka topic.,topicPartition,Partition of the Kafka topic.
KafkaTopicConsumption,Detailed information about the consumption of a Kafka topic.,topicLag,
KafkaTopicConsumption,Detailed information about the consumption of a Kafka topic.,topicCurrentOffset,
PopularityInsights,Detailed information about an asset's usage or popularity.,recordUser,Username or email of the user who ran the queries.
PopularityInsights,Detailed information about an asset's usage or popularity.,recordQuery,Query run at source.
PopularityInsights,Detailed information about an asset's usage or popularity.,recordQueryDuration,Duration for which the query ran at source.
PopularityInsights,Detailed information about an asset's usage or popularity.,recordQueryCount,Number of queries run by the user.
PopularityInsights,Detailed information about an asset's usage or popularity.,recordTotalUserCount,Total number of users who ran queries.
PopularityInsights,Detailed information about an asset's usage or popularity.,recordComputeCost,Total compute cost for running all queries.
PopularityInsights,Detailed information about an asset's usage or popularity.,recordMaxComputeCost,Maximum compute cost across all query runs.
PopularityInsights,Detailed information about an asset's usage or popularity.,recordComputeCostUnit,Unit of measure for recordComputeCost.
PopularityInsights,Detailed information about an asset's usage or popularity.,recordLastTimestamp,Timestamp of last operation or query run by the user.
PopularityInsights,Detailed information about an asset's usage or popularity.,recordWarehouse,Name of the warehouse on which the queries were run.